school_ID,school_name,n_test_takers,mean_reading_score,mean_math_score,mean_writing_score
85F805,National University,825,720,597,776
20X448,Georgia State University,132,566,655,518
79Q351,Takestan Islamic Azad University,657,662,794,794
31I903,Korea National Open University,143,793,484,740
53C157,Jiangsu University of Science and Technology,448,670,752,704
27A744,St. Andrew's University,645,439,290,756
30X070,State Maritine Academy,267,718,220,499
49L333,Universitas Klabat,811,671,705,425
31G700,School of Management,93,265,724,698
50A868,Firat (Euphrates) University,183,421,469,674
58L292,Perlis Islamic Higher Learning Institute,545,332,611,741
54C071,Universidade da Amazônia,449,222,778,510
90P447,"Politécnico Columbiano ""Jaime Isaza Cadavid""",620,348,700,661
16V186,Western Baptist College,98,380,764,305
89D695,Imam Reza University,401,696,230,472
60D332,Widener University,748,683,335,779
72Z491,Baker College of Port Huron,133,349,613,713
07O105,Shenyang Jianzhu University,184,562,704,512
00E687,"Central University of Technology, Free State",64,748,686,677
15U486,University of South Carolina - Sumter,227,367,361,601
23F756,American University,1000,455,770,468
66U575,"Universidad Técnica ""Federico Santa María""",164,703,314,453
54W086,Portland Community College,518,399,374,745
13H738,State University of New York Empire State College,314,499,677,718
07N185,Himachal Pradesh Agricultural University,145,356,601,628
87H103,Missouri Western State College,86,799,632,510
83T632,State Maritine Academy,67,478,665,642
42L346,Harrington Institute of Interior Design,593,428,458,709
08L367,Pennsylvania State University,855,411,671,535
52B886,York University,94,758,568,216
51F285,Atish Dipankar University,611,388,362,364
69G992,Regent International University,950,500,435,767
29L953,"Fachhochschule Ulm, Hochschule für Technik",187,390,240,750
81L560,Hochschule Vechta,450,759,211,373
36N133,Tver State University,683,591,411,703
47Y806,University of Colombo,771,354,504,347
24H963,University of Nijenrode,44,470,412,621
94W863,Zonguldak Karaelmas University,29,346,284,425
00B138,Lappeenranta University of Technology,240,661,399,503
89I615,Hotelschool The Hague,8,316,297,683
90I175,Ohu University,690,231,539,780
15O858,Makerere University,247,585,710,603
29I582,Tatung Institute of Technology,823,510,323,398
75X687,Universidad de Antioquia,20,657,674,781
33W807,Ghana Telecom University College,644,247,452,290
88Z014,Technological University (Dawei),968,628,656,758
94L759,Ecole Supérieure d'Ingénieurs de Marseille,468,260,283,334
14J168,Pennsylvania College of Optometry,597,694,583,334
74I997,Arthur D. Little Management Education Institute,1027,411,624,604
72J195,University of Manchester,705,543,455,747
32H808,Buraydah College for Applied Medical Sciences,923,445,420,294
56Q822,Universitat Jaume I de Castellón,552,515,705,365
97H093,Politeknik Negeri Pontianak,422,323,653,563
39J162,Jamia Millia Islamia University,681,391,704,578
58N322,California School of Professional Psychology - Fresno,842,794,782,792
81P071,Adelphi University,291,632,395,236
58M018,Moldova State University,290,795,592,481
39T310,Technikum Wien,183,729,244,759
30R841,University of Texas at San Antonio,445,273,787,577
94B657,ITT Technical Institute Portland,960,490,241,274
53E115,Zetech College,579,312,787,248
54M171,American Conservatory Theater,793,540,405,709
11O727,Far Eastern State Technical University,1028,716,471,744
73F944,Creighton University,922,350,405,365
63O806,Universidad de Flores - Buenos Aires,748,323,753,511
76W741,International Institute for Geo - Information Science and Earth Observation,434,716,371,228
99K032,University of Faisalabad,805,658,651,692
65G205,St. Marianna University School of Medicine,1031,781,375,271
95U641,University of Trento,646,218,603,787
80Q874,Agricultural University of Poznan,968,576,451,530
51N762,King Mongkut's University of Technology North Bangkok,618,229,268,657
10J018,Excelsior College,111,319,305,735
10P536,St. Luke' s College of Nursing,967,428,691,273
42M782,Technical University of Timisoara,400,283,415,325
61V555,Sage Graduate School,234,492,770,544
46M090,"Instituto Politécnico Nacional, Campus Guanajuato",1046,699,797,554
94T132,South West University Yucai College,935,771,258,368
99I584,University of Northern British Columbia,108,262,404,250
42O289,Louisiana State University and Agricultural and Mechanical College,221,453,709,229
28Y313,"Academy of Economics ""Dimitur A. Tscenov""",404,553,430,550
41W607,Sherman College of Straight Chiropractic,881,718,508,456
11M853,Moscow State University of Technology (Stankin),499,340,733,230
99N683,Tajik National University,915,216,784,778
31Y549,Università Bocconi,589,307,674,253
18P073,Arab Academy for Science & Technology,614,623,272,739
42V728,Benguet State University,778,339,560,253
17X354,Central America Health Sciences University (Belize Medical College),1025,460,458,333
21K963,Bourgas Free University,469,219,458,262
64J244,Universitas 17 Agustus 1945 Samarinda,1024,309,712,713
37P464,Aichi Bunkyo University,806,226,770,467
49C738,Benguet State University,1025,549,593,517
69R971,Coventry University,349,365,567,418
13O115,Chongqing Three Gorges University,234,726,778,312
47S718,Colgate University,346,798,334,331
42T510,Andrews University,788,264,535,482
05J320,Hyupsung University,1041,599,713,683
04R690,Illinois Benedictine University,171,506,216,783
23C186,Simpson College,331,423,292,465
56Y395,Sri Lanka Institute of Advanced Technical Education,1040,747,762,544
41S809,Universidad del Valle del Cauca,665,682,317,273
15T052,Salahddin University (Kurdistan Region),809,461,221,514
26B793,Wells College,778,430,514,398
55L717,Sardarkrushinagar Dantiwada Agricultural University,959,581,796,228
10P738,Danish University of Education,684,693,650,750
90P229,Amman Arab University for Higher Studies,515,376,216,509
09J924,Yildiz Technical University,436,474,699,547
59K844,Pacifica Graduate Institute,72,281,331,495
66H936,Bloomsburg University of Pennsylvania,906,532,236,445
42D387,University College of Nabi Akram,513,212,527,546
05Q556,Hellenic Open University,73,694,407,636
33L342,University of Burdwan,898,508,216,203
98C195,Aurora University,883,431,654,666
68A209,Water Resources University,481,642,571,730
86G311,Chubu University,112,352,650,429
49K261,Singapore Management University,483,232,242,646
06C040,Shimane University,902,248,241,461
67Z569,Université Paris Nord (Paris XIII),285,382,751,772
97C308,Trent University,435,351,203,258
77H353,Northern State Medical University,589,710,600,704
46E315,Southern Illinois University at Carbondale,790,366,598,552
67H676,Yazd University,998,478,762,416
91T674,Zabol University,128,518,572,367
13U649,University of Dubuque,193,544,601,755
34Z399,Kumamoto University,155,637,597,280
50N339,St. Vincent College,523,698,709,261
25Z538,Universidade de Santo Amaro,271,595,634,623
94X203,University of Houston,203,271,216,319
99O631,Universidad Hispanoamericana,262,291,605,231
26A772,IT University of Copenhagen,748,580,629,600
64X831,Lithunian Veterinary Academy,65,730,533,214
89A951,Mustafa International University,336,411,521,642
56T886,University of Switzerland,655,741,565,696
74H432,University of Batangas,41,536,340,499
15R096,Academy of Economics in Cracow,367,222,739,790
98L684,Belarussian State University,1039,536,293,681
15L852,Baylor University,922,673,714,464
75S513,College of Charleston,634,505,332,246
65N279,Baghlan University,842,686,278,785
01J762,University of the Philippines Diliman,123,628,691,365
60E444,Ecole Supérieure Internationale d'Administration des Entreprises,81,246,546,735
03N008,Bashkir State University,821,598,545,800
54Q646,Franklin W. Olin College of Engineering,332,275,357,275
95O303,Technische Universität Ilmenau,95,319,524,460
39E248,Universidade Mackenzie,42,491,488,579
03H137,Kurgan International University,72,302,729,352
35Z128,University of Silvaner,352,551,239,606
62O667,American University in Bulgaria,381,348,301,496
39J442,Kyoto University of Foreign Studies,1019,312,366,695
84V741,Wisconsin School of Professional Psychology,457,251,477,278
44H343,University of Engineering and Technology Taxila,461,250,578,570
40N456,Khalifa University,282,740,605,562
97N440,Jones College,796,544,299,398
18V626,Lamphun College of Agriculture and Technology,201,323,798,505
73E814,Lagos City Polytechnic,524,390,538,556
03F222,University of West Alabama,676,663,487,306
08P121,St. Joseph's University,266,705,346,208
26V713,St. Petersburg State University of Engineering and Economics,8,786,605,267
53G891,Al-Aqsa University,1029,609,349,284
91I707,University of Western Ontario,741,484,486,721
58L822,Kagoshima University,691,767,352,454
25W304,Hartford Graduate Center (Rensselaer at Hartford),369,527,646,303
90P732,"University of Nottingham, Malaysia Campus",813,509,554,688
27L975,National Yang Ming Medical College,47,410,549,619
44X378,Espam Formation University,573,680,656,265
22B484,Conway School of Landscape Design,291,686,505,744
69C538,Eastern Connecticut State University,966,345,595,410
93Z959,Shihezi University ,184,302,647,758
75K439,New England College of Optometry,1042,302,260,305
76P250,Cheju National University of Education,380,211,374,432
41T169,Maine Maritime Academy,395,431,659,341
35Q471,Universidad Ulises Francisco Espaillat,545,519,218,249
21H426,West Coast University,249,315,739,623
22P876,St. Petersburg State University,459,251,687,508
32H063,Shanxi Normal University,843,541,359,493
09U510,College of Charleston,840,421,558,218
86V787,"Islamic Azad University, Sanandaj",282,474,455,469
02W859,Nagoya City University,683,408,757,415
94J370,Gdansk Management College,948,683,204,301
92Q239,"Islamic Azad University, Ahar",557,334,298,488
29D161,University of Management and Marketing,440,612,481,734
28P905,Mills College,956,507,722,442
00I371,Bangabandhu Sheikh Mujibur Rahman Medical University,808,687,380,559
13Q972,Coleman College,10,527,420,298
05F053,Janos Selye University,191,416,730,766
10M810,Huaihai Institute of Technology,898,720,755,426
09Z629,Centre Universitaire de Tebessa,147,421,539,746
01B164,Appalachian State University,989,515,655,580
79G735,University of Massachusetts Medical Center at Worcester,640,427,327,465
37U441,Universidad Nacional Agraria,56,200,602,293
98R930,Ritsumeikan University,190,500,658,217
33L570,Galway Mayo Institute of Technology,415,794,286,579
30N256,University of Aquila,426,326,324,577
03P063,University of Central Greece,139,685,252,636
58X192,AISECT University,275,606,771,529
79J351,Adventist University of Central Africa,832,250,599,534
28R649,Universitas Proklamasi 45,386,471,471,651
24M713,Taejon University,400,385,629,650
21Y272,Dadabhoy Institute of Higher Education,961,627,595,523
50E096,Rostov State Medical University,158,696,273,344
92D287,"University of Toronto, Scarborough",915,666,554,613
66L506,Capital University Law School,576,776,549,384
63L172,South China University of Technology,771,486,601,792
85Y130,Richmond University - The American International University in London,152,782,474,379
00L487,Universidad de Castilla La Mancha,644,686,220,520
39R269,University of Medicine Magway,729,528,587,372
13C557,Perm State Technical University,1002,436,499,270
16Y459,"Florida Metropolitan University, Tampa College Lakeland",431,216,684,754
98L408,Fachhochschule Würzburg - Schweinfurt,1011,599,526,538
07A525,Kazan State Academy of Architecture and Civil Engineering,978,219,245,464
52C955,Université de Biskra,695,268,339,341
04J282,Information and Communications University,380,249,724,353
33F652,Zhetysu State University ,521,355,368,629
81A010,DIPLOMA-Fachhochschule Ölsnitz/Vogtland,287,523,244,389
36G960,Shikoku Christian College,159,582,642,607
24K611,"Islamic Azad University, Qom",546,538,383,434
39W297,Gurukula Kangri University,894,558,240,779
55X078,Prairie View Agricultural and Mechanical University,990,509,220,544
00V193,Ural State Academy of Architecture and Arts,605,461,261,394
76J536,Czech Technical University of Prague,185,395,791,363
30S782,Ontario College of Art and Design,17,310,573,681
79Z051,Western Governors University,431,755,332,511
67E886,Universidad de Sonsonate,583,268,341,273
98A040,St. Petersburg State Technical University,993,456,377,509
11M682,Al Rafidain University College,807,462,274,595
70Q246,Foundation University,604,691,715,729
05E485,St. Andrew Georgian University,798,285,541,448
97V437,Hyupsung University,243,405,757,495
25D131,Tashkent University of Information Technologies,1027,409,618,796
45I105,Godfrey Okoye University ,275,670,389,792
44Q060,University of San Francisco,352,490,725,256
44Q648,Dartmouth College,655,742,271,492
06K643,Southwestern University School of Law,988,630,599,624
33T256,Vanguard University of Southern California,957,691,393,355
84Y278,Shiga University of Medical Science,1043,421,421,539
90N453,Raghebe Esfahani University,688,421,252,641
17J653,Ecole Nationale Supérieure d'Agronomie de Rennes,378,407,710,338
19G213,Brown University,677,764,245,393
12S484,Université de M'sila,799,710,794,430
64S191,Institut des Sciences de la Matière et du Rayonnement,498,618,357,737
99B284,International University Institute of Luxembourg,955,566,313,342
04F326,Universitat Rovira I Virgili Tarragona,494,776,482,678
99B097,Sapporo University,223,749,669,404
62T870,Togliatti State University,240,269,660,251
29D405,"Islamic Azad University, Lahijan",14,737,602,338
48T216,Universidad Nacional Pedro Ruíz Gallo,1006,491,665,521
69A897,National Fisheries University,826,478,263,348
28L647,College of Notre Dame of Maryland,172,477,446,501
37N066,Tokyo University of Fisheries,338,589,490,739
63Q057,"European University, Athens Campus",324,604,660,486
91N101,Universität Paderborn,721,246,427,499
61R610,Universidad Lasallista Benavente,290,568,386,520
70D293,Prague College,262,253,216,551
59C943,Ecole Supérieure de Commerce de Reims,104,650,750,408
09V277,Virginia State University,177,441,330,352
47A591,Odlar Yurdu University,285,427,633,649
74A012,"Arkansas State University, Beebe",701,247,580,520
75S493,Universidad de Morón,392,398,603,670
07K102,American University of Central Asia,405,265,501,430
39K156,Hosei University,403,338,476,348
75L888,American University of Armenia,384,442,265,437
31T422,Veritas University,768,499,313,554
03L459,Mendeleev Russian University of Chemical Technology,753,696,396,517
21P913,South Eastern Kenya University,509,271,712,796
92X270,Svey Reong University,795,271,290,376
35U668,University of Montana,911,766,412,279
94L674,Ecole Nationale d'Ingénieurs des Travaux Agricoles de Clermont-Ferrand,358,202,480,656
61F574,Notre Dame of Marbel University,680,425,482,269
92K268,Birsk State Pedagogical Institute,725,278,787,725
55N036,Nairobi Technical Training Institute ,454,587,601,456
95C607,Asahi University,843,477,797,591
50D464,University Campus Suffolk,601,534,289,596
32G942,Namik Kemal University,638,299,719,483
37F146,Universidade Potiguar,413,789,431,731
05X307,London Business School,480,265,606,719
34H687,ITT Technical Institute West Covina,288,365,744,637
74F093,University of the Philippines Los Banos,866,351,434,711
75H763,Ibra College of Technology,680,250,503,360
91Z300,University of Texas Health Science Center at San Antonio,443,706,570,732
82L955,Technological University (Myitkyina) ,360,549,283,274
97E945,University of Rochester,196,587,342,697
64S298,Central Methodist College,388,470,775,662
44U726,Lampang Vocational College   ,1040,262,382,494
73E929,Swiss Management Center,799,213,489,346
77C336,Bridgewater State College,387,664,379,370
26K868,Instituto Politécnico de Castelo Branco,471,357,240,529
22M892,Maine College of Art,992,486,538,407
84T131,Tui Online University,391,214,380,655
79L244,"California State University, Northridge",662,697,222,321
68A984,Biola University,319,688,641,636
26M724,Baze University Abuja,936,408,375,447
40W741,Philadelphia College of Bible,365,509,415,546
38C520,University of North Texas,433,305,580,675
25P715,Women's College of Fine Arts,339,419,512,747
21U751,Araullo University,659,714,329,754
08U860,Maine College of Art,423,654,216,561
48P619,Aarhus Technical College,304,725,576,658
54V506,McKendree College,296,710,676,261
98I715,Universidad de Córdoba,957,287,498,226
91J043,Arab Academy for Science & Technology,14,442,579,701
88I435,YPC-iTWEB College,662,403,686,602
08L891,Abilene Christian University,668,766,518,420
89X942,Odessa National Academy of Food Technologies,763,425,597,246
53E502,Ecole Supérieure de Commerce de Lille,101,207,705,611
40V452,Northwestern University,184,378,409,283
67S023,Deen Dayal Upadhyay Gorakhpur University,359,651,328,663
66R082,Tennessee Temple University,462,222,231,415
87M361,Collège Boréal,471,517,318,325
71S785,Post University of Waterbury,22,731,287,584
81H483,Northwestern University,100,695,756,208
71M978,International University of Japan,504,400,630,303
82S091,Canadian College of Business & Computers,803,339,626,795
84Q022,Perm State Technical University,605,272,458,783
44I056,Technological Education Institute of Heraklion,101,780,759,216
81G348,"University of Asia Pacific, Dhanmondi",630,654,412,458
80O746,University Institute of Architecture Venice,276,520,265,423
86Z858,Feng Chia University,949,350,217,532
34D500,Angelo State University,372,723,498,320
04I744,University of Primorska,802,735,794,474
82H341,Kyoritsu Woman's University,889,278,349,746
70Y521,Université Mohammed V - Agdal,474,711,546,484
90B875,Universidad Miguel de Cervantes,855,266,755,753
34W948,Angeles University,623,769,679,649
98K180,Karatina University,391,422,598,396
32Y314,Universidad Santo Tomás,25,480,483,331
45G298,Sri Padmavati Women's University,429,584,723,329
08K111,Graduate Theological Union,514,641,245,420
66E207,University of Montana Western,337,261,735,562
70Q928,Al-Zaytoonah University,288,449,773,515
23E615,Universidad Católica de Córdoba,574,339,670,345
72W655,"Polytechnic University, Westchester Graduate Center",957,536,300,293
64K742,Nakamura Gakuen University,496,633,506,276
90H535,University of Iowa,157,381,644,455
67N565,Royal Holloway and Bedford New College,1010,603,484,588
50Y888,Ecole Nationale Supérieur de Mécaniques et des Microtechniques,186,500,552,618
52A752,Roanoke Bible College,472,452,667,517
22N675,Kaduna State University,926,745,589,342
17M508,Universität Potsdam,842,209,367,442
83R904,New Economic School,221,392,537,470
25O102,Universidad Peruana de Ciencias e Informática,474,743,462,645
21Y769,Afe Babalola University,514,294,263,794
42D641,Cleary College,750,215,790,767
69D956,Ming Chuan University,927,536,461,441
49X592,University Centre of the Westfjords,372,303,207,482
60Z991,Mennonite College of Nursing,524,771,200,737
03C789,Belarussian State University of Transport,923,312,457,314
24W128,Pratt Institute,388,263,434,731
63D686,Universidad Nacional de San Juan,969,202,393,621
65P975,"Institute of Teachers Education, Malay Language",941,728,388,381
84D813,Universidad Adventista de Bolivia,188,238,653,685
33V893,Southwest State University,616,413,652,458
13V027,Western International University,334,460,259,490
54K580,Webster University North Florida,947,653,268,360
35K910,King Abdul Aziz University,156,253,571,620
64P239,Technical University of Timisoara,675,787,548,213
89I696,Universidad de Antioquía,811,356,434,701
73V483,Heritage College,450,249,720,607
83M089,Universidade Estácio de Sá,851,200,622,479
16S722,Indira Gandhi Agricultural University,748,479,266,644
75Q827,Hyupsung University,748,766,227,505
27F850,Singapore Management University,83,701,276,726
73J997,Zia-ud-Din Medical University,433,527,278,794
05F920,Eugene Bible College,769,269,615,328
92N991,Université Lumiére (Lyon II),155,316,549,725
65K110,Portland Community College,235,744,535,650
66G257,Ural Gorkij State University,246,510,639,707
44F869,Brjansk State Technical University,862,445,415,574
44X883,Indiana University-Purdue University at Fort Wayne,480,704,661,329
86W849,Ferris State University,103,643,538,546
21Y437,IT University of Copenhagen,904,535,591,554
90P026,University of La Verne,731,791,486,703
73U916,"Universidad Nacional Experimental de los Llanos Occidentales ""Ezequiel Zamora""",286,758,267,487
03T749,Centro de Enseñanza Técnica Industrial,84,306,757,519
56B979,Universitas Sumatera Utara,132,346,275,491
00T476,Jerash Private University,291,488,708,466
97A462,University of the Philippines Diliman,390,523,659,641
03K431,New Era University,658,552,751,511
81D685,Agricultural University of Poznan,679,737,278,695
12B602,York University,101,489,756,585
28U874,Warnborough University,83,472,251,655
74X838,Ho Chi Minh City University of Foreign Languages and Information Technology,94,553,343,274
13X045,God's Bible School and College,915,353,661,269
66B845,Ecole Normale Supérieure de Cachan,191,522,526,607
88O518,University of Venice,287,796,741,304
49V839,Tietgen Business College,773,619,401,399
30H153,Yale University,760,519,479,391
67M558,Ecole Nationale Supérieure des Mines de St-Etienne,575,413,364,241
93T297,American University,977,728,777,268
61K966,Kingston College,910,208,764,329
64M823,University of Maryland at College Park,45,565,477,666
83C579,Gorgan University of Agricultural Sciences and Natural Resources,306,793,540,311
03O849,Ateneo de Davao University,265,761,745,643
45C924,Sebatian Kolowa University College,18,496,223,343
78P310,Obong University,40,768,388,666
01G371,Fachhochschule Pur,798,297,395,270
58V506,Centre Universitaire de Technologie,414,323,308,290
32G041,Shri Lal Bahadur Shastri Rashtriya Sanskrit Vidyapeetha,49,592,604,556
95Z131,Mokwon University Taejon,602,559,754,238
22Z147,University of Central Oklahoma,175,762,458,696
58L434,Universidade Federal do Pará,216,516,673,423
13I665,Southern Methodist University,886,412,421,211
13U153,Palawan State University,811,555,669,767
63A537,Jumeira University,910,755,416,702
34E657,University of Notre Dame Australia,113,627,599,477
05A726,Universidad NUR,230,212,243,605
72B639,Universidade Veiga de Almeida,1041,770,733,438
34M786,Delta University,538,291,361,528
21T097,Kyoto Prefectural University,791,261,226,466
66Q094,International University of Travnik,482,492,250,695
35F761,Texas Tech University Health Science Center,925,796,514,392
16I296,Lazarski School of Commerce and Law,531,264,586,375
37T040,Baghdad College of Economic Sciences University,171,441,502,450
51O085,Agriculture and Forestry University,838,559,766,525
61M220,Ecole Nationale Supérieure de Chimie et de Physique de Bordeaux,940,588,512,629
32K067,University of Leicester,567,359,782,463
55H139,Kumasi Polytechnic ,726,665,233,442
10W685,Belarussian State Polytechnical Academy,39,578,731,650
78P133,China Agriculture University East,137,707,509,725
95U837,Central Christian College of the Bible,985,471,475,474
13D079,Nanjing University of Traditional Chinese Medicine,996,562,404,431
96O594,Bartlesville Wesleyan College,659,409,391,222
12E465,Politécnico Grancolombiano - Institución Universitaria,481,459,800,434
85G846,Kanazawa Medical University,241,418,796,296
75H987,Inner Mongolia Agricultural University,293,692,309,760
61F264,Southeast Missouri State University,274,262,282,591
85C646,Asian Medical Institute,135,393,522,228
06K634,Ecole Supérieure des Sciences Economiques et Commerciales,785,773,506,394
08C066,American Business & Technology University,229,209,734,345
53E879,Milwaukee Institute of Art and Design,816,532,558,571
55V701,Southwestern Oklahoma State University,1011,364,654,340
01S796,Norwegian College of Veterinary Medicine,335,355,610,289
26C210,Gubkin Russian State University of Oil and Gas,632,770,599,408
14R264,Chu Hai College,328,364,235,693
57N326,Tokyo Metropolitan University of Health Sciences,445,449,418,341
23U763,Centro Universitário Senac,665,313,280,690
90C607,"Islamic Azad University, Bostanabad",546,489,683,250
51B229,University of Veterinary & Animal Science,252,333,380,591
30C118,Hiroshima University of Economics,81,309,513,555
42S091,Far Eastern University,618,708,732,496
62B748,University of Mindanao,239,404,773,270
89U274,Greenville College,148,485,647,295
05W723,"University of California, Davis",56,623,331,653
56Z105,"St. Joseph's College New York, Suffolk Campus",202,316,406,240
70C444,University of Kragujevac,316,234,401,387
12D313,Ontario College of Art and Design,846,730,704,500
47N868,Universidad El Bosque,293,435,570,741
24H951,Ashton College,31,245,557,374
40A260,Osaka University of Health and Sport Sciences,296,566,693,543
70D683,Halla University,542,215,782,642
90O718,Escola Nautica Infante D. Henrique,460,787,246,753
24V176,Keller Graduate School of Management,594,788,639,207
66U032,University of Saskatchewan,725,245,540,350
62V178,Lipeck State Technical University,235,549,582,546
16B905,Universidad de Los Andes,149,715,318,245
14A406,Ecole Nationale Supérieur de Mécaniques et des Microtechniques,785,568,351,406
03P994,University of Teesside,139,445,786,555
70P458,Holy Cross College,499,338,301,347
22F160,Durban Institute of Technology,501,716,275,741
02V424,Universidad de Jaén,419,518,215,547
38H593,West Bengal University of Animal and Fishery Sciences,636,483,560,707
77M842,Universidade Federal da Bahia,49,377,631,300
74M383,Universidad de Oviedo,832,475,374,776
28K875,University of Lausanne,307,722,774,455
84Q218,Engineering Faculty of Asian University,277,285,322,774
69L726,Kanazawa Medical University,624,509,503,708
71O664,Universidad Autónoma de Madrid,199,434,782,461
33P892,Atlantic University,273,590,640,595
45A540,Université des Montagnes,744,705,496,676
17R390,Universidad Nacional de Educación Enrique Guzmán y Valle,876,229,673,564
48V860,Pontificia Universidad Catolica de Puerto Rico,568,550,558,567
52Z966,Universidad Pontificia Bolivariana,438,408,763,772
97Y979,Stillman College,200,744,488,667
63Y332,Tashkent State University of Economics,50,510,427,692
92E444,Dow University of Health Sciences,47,725,467,257
90U608,Northeastern State University,243,319,645,324
70B653,Northern State University,165,800,678,619
55Z785,Maharishi University of Management,912,531,376,577
83Q350,Macquarie University,308,518,662,472
13D862,Middlebury College,846,358,544,527
73R424,Universiti Tun Hussein Onn Malaysia,131,502,433,569
13J402,Beth-El College of Nursing and Health Sciences,101,462,505,246
36M663,Bharati Vidyapeeth University,915,300,207,503
65F711,Woosuk University,956,377,320,660
22W055,University of Cambodia,605,458,289,763
14Z174,Tambov State Technical University,542,776,754,529
87H924,Blue Mountains Hotel School,207,800,234,455
81N790,Worcester State College,594,472,656,630
53Q176,"Ross University, School of Medicine",665,363,703,665
23W075,Wuhan Automobile Polytechnical University,466,439,410,755
57G817,Caribbean University,169,385,338,317
16B334,Southampton Solent University,1001,287,599,264
52O850,Technological University (West Yangon),818,227,775,381
21I060,University of Dayton,527,591,742,486
26S584,University of the Southern Caribbean,438,308,743,303
81R231,Fachhochschulstudiengänge Hagenberg,394,696,575,447
34T516,New Jersey City University,807,303,358,609
86N841,Universidad de Concepcion,430,732,334,651
94R622,Royal College of Art,605,476,294,332
57W631,Arab Academy for Science & Technology,479,640,763,569
69E772,Ilsa Independent College,140,690,712,617
49O046,Royal Danish School of Pharmacy,565,230,364,714
97Z616,Shivaji University,587,589,327,454
08F200,China USA Business University,490,680,234,576
80O179,University of Lapland,670,506,341,441
57R642,Technological University (Monywa),439,490,749,678
79Q908,Rosemont College,639,329,588,445
31Q512,Universidad de San Andres,894,615,283,223
12B611,Ludong University,626,451,213,666
91C017,Tabriz University,702,440,308,538
78I773,Ibn Sina National College for Medical Studies ,203,523,671,711
17P743,Université de la Manouba,596,213,201,256
05I535,Military University Shoumen,681,207,778,234
38B558,Institute of Technology and Management,66,731,742,273
22S304,Université Catholique de Lyon,628,212,617,536
65V980,Universidad Francisco de Vitoria,581,466,500,223
19Z306,Clemson University,404,637,369,246
44W476,The College of Wooster,631,767,340,397
90Q669,Istanbul Arel University,498,646,416,256
70J331,"Long Island University, C.W. Post Campus",246,614,667,431
50N230,Ishinomaki Senshu University,368,576,247,795
11B532,Lithunian Veterinary Academy,397,716,678,296
12I464,Mongolian State University of Agriculture,45,429,652,692
29Q528,PTPL College,739,360,221,663
23V417,Palawan State University,738,727,570,711
17D250,Wesleyan College,868,671,227,716
53F006,Central Saint Martins College of Art & Design,293,560,553,557
61Y237,Tohoku University of Art and Design,437,244,630,358
33Z842,Scandinavian Art and Business Institute,752,421,434,759
18U899,Deutsche Sporthochschule Köln,629,565,420,279
89K844,Pontifícia Universidade Católica de Minas Gerais,270,734,312,702
77R011,University of Portharcourt,730,553,246,566
35Z073,Technological University (Sittwe),630,662,251,329
00S279,"University of California, Irvine",309,313,496,482
47O131,Charles R. Drew University of Medicine and Science,969,453,622,636
19H571,University of Surrey,903,619,694,775
14Z611,University of Science & Technology Chittagong,482,644,283,425
34R473,Fontys University of Applied Sciences,892,608,600,492
46K476,Indiana University of Pennsylvania,307,421,428,458
88O010,University of Prince Edward Island,877,605,265,303
98X967,Rajendra Agricultural University,294,559,474,467
24Z166,West Virginia University,78,733,411,631
56Q182,Universidad Técnica de Ambato,877,608,356,478
91D421,Blue Mountain College,430,628,773,491
15L571,Jubail Industrial College,863,245,253,319
47Z346,"University of the East, Ramon Magsaysay Memorial Medical Center",362,223,534,669
50M518,Georgia College & State University,956,511,798,738
57O053,University of Dubrovnik,440,646,407,712
35X721,University of Cape Town,442,259,213,602
94Q953,Wentworth Institute of Technology,204,662,241,390
50L613,Academy of Economics in Wroclaw,908,702,545,543
79S350,Baker College of Cadillac,801,558,318,708
74C810,Instituto Superior de Ciências do Trabalho e da Empresa,107,496,343,731
07I054,Free University of Bozen,265,698,476,211
60K073,Lipscomb University,440,400,304,261
17S526,Universidad de las Américas - Puebla,186,581,563,397
77U378,"Islamic Azad University, Mehriz",937,579,800,368
55Z240,State University of New York College at Geneseo,186,410,414,632
82I419,Universidad Panamericana,392,237,336,250
78Y557,Langara College,854,273,705,629
49D192,University of Macedonia,336,405,461,562
10D062,"Washington State University, Tri-Cities",65,781,543,550
31O238,Zaporizhzhe National University,829,267,485,390
89R244,Brewton-Parker College,603,250,230,539
05Y999,Universidad Católica Tecnológica del Cibao,653,303,241,459
10K910,Swiss Management Center,288,694,679,328
15V801,Anna University,468,773,762,362
66N785,Université Hassan II - Mohammadia,57,739,578,278
63W538,Hiroshima University,193,636,427,325
16I264,Sagami Women's University,781,580,550,781
56C189,National University of Arts,194,347,720,751
82C676,Universidad Latina de Costa Rica,43,518,599,248
92U760,University of Warsaw,685,500,562,437
57M939,University of Bialystok,809,208,329,765
74G420,Politeknik Pos Indonesia,631,651,638,465
56T589,Presbyterian University College,652,248,440,210
07E010,Universität Passau,463,564,359,520
87A832,British Malaysian Institute,761,554,595,416
01I867,Universidad del Sagrado Corazon,865,530,701,218
87K686,Wayamba University of Sri Lanka ,837,737,448,565
26G610,"Islamic Azad University, Aliabad ",350,630,443,592
92E961,Bethany College West Virginia,578,745,224,279
86X745,Technological University (Pakokku),969,351,595,372
11V881,"University of the Netherlands Antilles, Curacao",169,527,627,397
61C362,Spiru Haret University,582,260,652,328
00F651,University of Kirkuk,536,761,770,640
38N898,Universitas Katolik Soegijapranoto,739,787,383,411
85U267,"California State University, Los Angeles",906,415,430,542
57R822,Japan Women's University,903,492,448,214
62Z314,Universitas Pesantren Darul Ulum Jombang,937,423,605,333
99T583,University of Swaziland,484,305,613,624
09G714,Biju Pattnaik University of Technology,707,322,326,509
29B913,Fachhochschule Burgenland,377,514,423,251
62W621,Payap University Chaiang Mai,646,429,317,257
14S764,Gifu University for Education and Languages,548,795,530,761
31Q604,Takachiho University,711,526,509,352
50G161,Avondale College,962,612,223,473
95I113,Manchester College,644,331,246,252
81W911,Rajasthan Technical University,641,470,772,389
20H434,Norway's Information Technology University College,374,715,747,758
11M173,Aga Khan University,997,352,458,371
84N336,University of Science and Arts of Oklahoma,613,390,430,287
07V988,Dallas Baptist University,831,434,727,674
11N682,Western Delta University,613,400,545,756
86L316,Livingstone College,305,366,214,314
41C053,Lynn University,1045,338,411,228
54P253,Osaka Dental University,70,582,440,363
86T329,Universität Salzburg,634,772,437,393
22Z700,Yangtze Normal University,436,758,468,207
80P858,Ave Maria University,76,445,210,520
39A327,University of Lausanne,718,589,591,481
09S768,"University of Elbasan ""Aleksander Xhuvani""",917,256,470,237
69R422,Pacific Lutheran University,877,637,280,459
33J509,Universidad de Los Lagos,364,211,532,550
88E207,Technological University (Maubin),768,345,541,661
31Y464,Trakia University Stara Zagora,64,248,656,209
83P351,"Johns Hopkins University, SAIS Bologna Center",691,409,371,290
60D669,Bloomsburg University of Pennsylvania,275,283,398,461
33Z804,Thiel College,581,599,606,665
62V494,Universidade Federal Rural de Pernambuco,794,518,682,556
38W457,Universidad Peruana Union,527,250,603,299
62E374,Kassala University,231,692,283,449
87Z445,Pontificia Università S. Tommaso,432,360,315,303
34V296,The Cooper Union for the Advancement of Science and Art,51,211,349,327
52K430,National Pingtung University of Science and Technology,53,388,794,796
91X732,Deutsche Hochschule für Verwaltungswissenschaften Speyer,274,768,517,210
03H855,University of Derby,226,628,562,747
02T060,Skadron College,283,767,411,400
14U926,Sanyo Gakuen University,295,612,704,262
52V589,Fachhochschulstudiengänge der Wiener Wirtschaft,228,517,672,741
77L585,Kamrah International Institute of Technology (KIIT),877,481,578,793
17C599,Universidade do Estado do Rio de Janeiro,640,410,258,238
18L406,Catawba College,703,407,597,626
07U804,Mohan Lal Sukhadia University,262,334,538,659
26S404,Rhodes University,417,340,368,639
51M352,Academy of Economics in Poznan,748,568,590,253
52J802,Liaoning Technical University,595,255,481,268
04M841,Universitas Lancang Kuning,175,612,449,236
44X803,King Abdul Aziz University,905,670,291,374
36S121,De La Salle University,551,742,252,447
60D040,Institut Teknologi Brunei,815,773,766,378
78A539,University of Bolton,29,263,525,584
20N630,Lincoln University Missouri,665,482,282,403
83B428,Liaocheng Teachers University,915,754,262,545
98W377,Kyushu Institute of Technology,274,587,357,357
65O492,Ecole Supérieure d'Ingénieurs de Marseille,632,200,566,369
05D122,Ho Chi Minh City University of Natural Sciences,314,602,758,232
87E160,University of Insubria,1015,271,509,508
90C685,Universidad Iberoamericana de Ciencia y Tecnologia,195,776,684,603
10H952,Kanazawa Medical University,399,605,362,280
07Q895,National Taipei Teachers College,730,448,669,694
19K293,Lulea University of Technology,214,503,290,472
15Y301,Military Institute of Science and Technology,107,684,208,720
51V723,Universität der Bundeswehr Hamburg,824,458,431,330
33Z984,University of Wisconsin - River Falls,595,363,546,745
17F954,Guangzhou University,943,757,575,772
72D901,Universidad Libre de Costa Rica,584,654,388,512
08D812,Samuel Merritt College,212,743,523,494
00H207,Technikum Wien,236,410,461,528
80N086,Manhattanville College,108,366,409,597
63W040,State University of New York College of Agriculture and Technology at Cobleskill,216,471,406,204
20P447,Universidad Central del Este,1024,780,680,715
56J269,Shanghai University of Finance and Economics,17,259,362,385
02K517,Davidson College,627,249,751,614
65G517,Pontifcia Universitas a S.Thomas Aquinate in Urbe,502,758,537,799
15K090,University of Economics Varna,763,621,748,327
84A401,Pontifcia Università Gregoriana,899,535,616,446
93R603,Southern Wesleyan University,344,392,231,503
09N246,Valahia University of Targoviste,938,229,772,690
15A731,Sri Venkateswara Institute of Medical Sciences,628,364,565,412
34T302,Osaka Dental University,139,781,273,768
63Y252,Tianjin Medical University,914,630,300,377
81L815,Kunitachi College of Music,825,670,515,731
59B106,New Era University,16,509,508,756
16B516,Aleksander Zelwerowicz State Theatre Academy,536,286,757,308
99I877,Wilberforce University,938,425,532,319
61P847,Universitas Muhammadiyah Jember,91,429,617,335
71Y797,Wakayama University,1021,748,547,419
10S100,Tokyo University of Art and Design,916,469,385,484
29G790,"Islamic Azad University, Tehran South",904,546,636,228
81D462,Somaliland University of Technology,623,750,404,297
00Q197,Université Panthéon-Assas (Paris II),717,736,656,510
10Q505," Akanu Ibiam Federal Polytechnic, Unwana",495,470,262,545
98Y110,Gaziosmanpasa University,797,568,474,721
90U233,Hungarian University of Physical Education,198,746,534,416
48H341,University of Naples Federico II,376,483,613,233
16Q363,Korea National University of Arts,407,610,723,594
10L932,Universidad Metropolitana de Monterrey,958,799,399,601
79B785,Wright Institute,1031,769,773,350
47K663,Chowan College,55,350,728,421
54M705,Burdwan University,876,779,461,620
91M644,Okinawa Prefectural University of Fine Arts,952,688,500,789
15Y454,Mount Holyoke College,492,277,238,248
49D970,Furman University,946,221,669,693
20N979,Kemerovo State University,951,575,328,686
38Z086,"University of St. Thomas, St. Paul",1040,341,366,340
03A502,Aarhus School of Architecture,103,444,459,590
17N709,Warner Southern College,148,684,798,369
05A326,"Ecole Nationale Supérieure d'Electronique, d'Electrotechnique, d'Informatique et d'Hydraulique de Toulouse",376,247,635,357
75C592,Universidad Los Angeles de Chimbote,949,716,513,599
88H318,Ashkelon Academic College,400,265,219,568
88H761,China University of Political Science and Law,727,371,727,406
46U973,Fachhochschule Ingolstadt,663,674,308,600
79G791,Harbin University of Civil Engineering & Architecture,729,513,483,720
31F214,Baitulmal Management Institute (IPB),682,497,285,707
51P988,University of Dongola,588,449,627,578
24S674,University of Maryland Baltimore County,695,221,659,375
55Y241,Kochi Women's University,238,514,233,418
32T006,University of Modern Sciences,929,211,362,425
59T125,Sekolah Tinggi Akuntansi Negara (STAN),160,507,707,537
82B296,West Suburban College of Nursing,1018,308,266,683
81X291,Hyupsung University,911,688,681,714
18T738,Fukui Prefectural University,715,402,271,672
54L939,Academy of Fine Arts and Design in Bratislava,414,321,512,576
86N413,"University of Roma ""Tor Vergata""",562,390,415,494
80Z925,Agriculture and Forestry University,824,267,555,450
59J185,University of Teramo,826,303,640,611
79J319,Gulf University for Science and Technology,625,483,740,782
02P762,Fundacion Escuela Colombiana de Rehabiliación,648,397,541,467
34K317,Ecole Supérieure d'Optique,376,518,278,348
38J112,Universidad San Pablo,985,215,772,633
97X398,National Yang Ming Medical College,282,328,718,491
62L639,Minsk Institute of Management,185,498,722,609
74W882,University of Prince Edward Island,805,539,487,661
36H763,College of Education Oju,212,390,485,566
48T504,Université Michel de Montaigne (Bordeaux III ),757,652,233,607
87F164,Augustana Hochschule Neuendettelsau,533,304,281,413
08W141,Shukutoku University,717,277,745,593
53C553,Universitas Janabadra,926,438,730,458
73E131,Université Ez-Zitouna,1004,782,584,521
03C879,Univesidade Agostinho Neto,358,200,373,553
22D852,Penza State University,936,314,620,481
84K928,Kabarak University,696,759,274,407
27M040,Swedish University of Agricultural Sciences,158,302,566,642
59P958,University of Ostrava,309,335,294,387
62S048,University of Kashmir,910,419,286,684
56P917,Universidad de La Frontera,952,686,329,485
31L769,Universidad Autónoma Juan Misael Saracho,616,511,744,784
60R542,"Schiller International University, Strasbourg",555,592,211,702
09J144,Fachhochschule Nordostniedersachsen,748,516,220,662
64S440,Afeka Tel Aviv Academic College of Engineering,522,228,696,651
08Z039,Prague Institute of Chemical Technology,709,428,686,742
88P038,The Queen's University Belfast,1015,220,601,503
03P593,"Islamic Azad University, Shiraz",472,708,354,501
88P281,Norway's Information Technology University College,149,711,489,735
68C632,Universidad Rural de Guatemala,832,349,543,475
44V296,Ecole Supérieure de Commerce et des Affaires,420,332,786,460
99E873,Tamkang University,364,222,766,409
03V184,Dordt College,341,660,545,538
57C717,Ecole Nationale d'Ingénieurs de Saint-Etienne,546,216,615,241
70M249,Universidad Central del Caribe,166,539,459,699
77Y803,Geneva College,65,505,225,342
04R925,Tokyo University of Mercantile Marine,609,674,371,495
24P272,Ohio University - Lancaster,838,759,344,574
16S992,Ecole Supérieure de Commerce de Marseille-Provence,363,382,455,581
19U471,Belarussian State University,335,787,289,792
58W613,College of Visual Arts,301,456,384,682
12G233,Eureka College,955,523,518,229
79L896,St. Joseph's College New York,612,525,611,461
22W788,Misan University,294,764,404,492
38H783,University of Wisconsin - Stout,755,494,718,457
77G324,Kirikkale University,938,408,363,599
09P815,Beijing Polytechnic University,436,706,551,702
45T486,Shihezi University ,269,479,531,225
17X583,University of Novi Sad,987,743,757,264
82V790,Keller Graduate School of Management,1019,669,372,633
37Q852,Université d'Antananarivo,737,710,369,645
20E073,Shandong University of Art and Design,787,524,298,447
69V919,Universidade Federal do Vale do São Francisco,601,603,239,451
29N788,Voronezh State University,553,546,334,605
81K421,Universiteit Gent,795,407,322,437
21V881,St. Peter's College,83,688,510,736
23F457,University of Pennsylvania,459,315,750,743
12W194,Deccan College Postgraduate and Research Institute,191,653,457,244
